{
    "name": "root",
    "gauges": {
        "CarAgent.Policy.Entropy.mean": {
            "value": 2.8931148052215576,
            "min": 2.8931148052215576,
            "max": 2.8931148052215576,
            "count": 1
        },
        "CarAgent.Policy.Entropy.sum": {
            "value": 34717.37890625,
            "min": 34717.37890625,
            "max": 34717.37890625,
            "count": 1
        },
        "CarAgent.IsTraining.mean": {
            "value": 1.0,
            "min": 1.0,
            "max": 1.0,
            "count": 1
        },
        "CarAgent.IsTraining.sum": {
            "value": 1.0,
            "min": 1.0,
            "max": 1.0,
            "count": 1
        }
    },
    "metadata": {
        "timer_format_version": "0.1.0",
        "start_time_seconds": "1699205662",
        "python_version": "3.9.13 (tags/v3.9.13:6de2ca5, May 17 2022, 16:36:42) [MSC v.1929 64 bit (AMD64)]",
        "command_line_arguments": "C:\\Users\\henri\\AppData\\Local\\Programs\\Python\\Python39\\Scripts\\mlagents-learn Agent.yaml --run-id=2.3v1 --resume",
        "mlagents_version": "0.30.0",
        "mlagents_envs_version": "0.30.0",
        "communication_protocol_version": "1.5.0",
        "pytorch_version": "2.0.1+cpu",
        "numpy_version": "1.23.5",
        "end_time_seconds": "1699205689"
    },
    "total": 27.0817747,
    "count": 1,
    "self": 0.0044277999999984274,
    "children": {
        "run_training.setup": {
            "total": 0.07180220000000004,
            "count": 1,
            "self": 0.07180220000000004
        },
        "TrainerController.start_learning": {
            "total": 27.0055447,
            "count": 1,
            "self": 0.04534879999999575,
            "children": {
                "TrainerController._reset_env": {
                    "total": 6.2272175999999995,
                    "count": 1,
                    "self": 6.2272175999999995
                },
                "TrainerController.advance": {
                    "total": 20.602922700000008,
                    "count": 1784,
                    "self": 0.014564099999944347,
                    "children": {
                        "env_step": {
                            "total": 20.588358600000063,
                            "count": 1784,
                            "self": 17.87531600000021,
                            "children": {
                                "SubprocessEnvManager._take_step": {
                                    "total": 2.697435599999885,
                                    "count": 1784,
                                    "self": 0.06702839999986843,
                                    "children": {
                                        "TorchPolicy.evaluate": {
                                            "total": 2.6304072000000165,
                                            "count": 1784,
                                            "self": 2.6304072000000165
                                        }
                                    }
                                },
                                "workers": {
                                    "total": 0.01560699999996551,
                                    "count": 1783,
                                    "self": 0.0,
                                    "children": {
                                        "worker_root": {
                                            "total": 20.630614900000023,
                                            "count": 1783,
                                            "is_parallel": true,
                                            "self": 4.86587289999995,
                                            "children": {
                                                "steps_from_proto": {
                                                    "total": 0.0008223999999996678,
                                                    "count": 1,
                                                    "is_parallel": true,
                                                    "self": 0.0001625999999959049,
                                                    "children": {
                                                        "_process_rank_one_or_two_observation": {
                                                            "total": 0.0006598000000037629,
                                                            "count": 8,
                                                            "is_parallel": true,
                                                            "self": 0.0006598000000037629
                                                        }
                                                    }
                                                },
                                                "UnityEnvironment.step": {
                                                    "total": 15.763919600000074,
                                                    "count": 1783,
                                                    "is_parallel": true,
                                                    "self": 0.45175790000002003,
                                                    "children": {
                                                        "UnityEnvironment._generate_step_input": {
                                                            "total": 0.29163500000005893,
                                                            "count": 1783,
                                                            "is_parallel": true,
                                                            "self": 0.29163500000005893
                                                        },
                                                        "communicator.exchange": {
                                                            "total": 13.784272700000008,
                                                            "count": 1783,
                                                            "is_parallel": true,
                                                            "self": 13.784272700000008
                                                        },
                                                        "steps_from_proto": {
                                                            "total": 1.236253999999989,
                                                            "count": 1783,
                                                            "is_parallel": true,
                                                            "self": 0.24078499999999625,
                                                            "children": {
                                                                "_process_rank_one_or_two_observation": {
                                                                    "total": 0.9954689999999928,
                                                                    "count": 14264,
                                                                    "is_parallel": true,
                                                                    "self": 0.9954689999999928
                                                                }
                                                            }
                                                        }
                                                    }
                                                }
                                            }
                                        }
                                    }
                                }
                            }
                        }
                    }
                },
                "trainer_threads": {
                    "total": 0.00010460000000023228,
                    "count": 1,
                    "self": 0.00010460000000023228,
                    "children": {
                        "thread_root": {
                            "total": 0.0,