{
    "name": "root",
    "gauges": {
        "CarAgent.Policy.Entropy.mean": {
            "value": 2.1052443981170654,
            "min": 2.1052443981170654,
            "max": 2.112647533416748,
            "count": 2
        },
        "CarAgent.Policy.Entropy.sum": {
            "value": 40488.05859375,
            "min": 34017.8515625,
            "max": 40488.05859375,
            "count": 2
        },
        "CarAgent.Step.mean": {
            "value": 16079044.0,
            "min": 16059811.0,
            "max": 16079044.0,
            "count": 2
        },
        "CarAgent.Step.sum": {
            "value": 16079044.0,
            "min": 16059811.0,
            "max": 16079044.0,
            "count": 2
        },
        "CarAgent.Policy.ExtrinsicValueEstimate.mean": {
            "value": -0.006614782847464085,
            "min": -0.02354430966079235,
            "max": -0.006614782847464085,
            "count": 2
        },
        "CarAgent.Policy.ExtrinsicValueEstimate.sum": {
            "value": -0.1389104425907135,
            "min": -0.3767089545726776,
            "max": -0.1389104425907135,
            "count": 2
        },
        "CarAgent.Environment.EpisodeLength.mean": {
            "value": 9115.5,
            "min": 9100.0,
            "max": 9115.5,
            "count": 2
        },
        "CarAgent.Environment.EpisodeLength.sum": {
            "value": 18231.0,
            "min": 9100.0,
            "max": 18231.0,
            "count": 2
        },
        "CarAgent.Environment.CumulativeReward.mean": {
            "value": 11.95481362938881,
            "min": 11.95481362938881,
            "max": 11.969775676727295,
            "count": 2
        },
        "CarAgent.Environment.CumulativeReward.sum": {
            "value": 23.90962725877762,
            "min": 11.969775676727295,
            "max": 23.90962725877762,
            "count": 2
        },
        "CarAgent.Policy.ExtrinsicReward.mean": {
            "value": 11.95481362938881,
            "min": 11.95481362938881,
            "max": 11.969775676727295,
            "count": 2
        },
        "CarAgent.Policy.ExtrinsicReward.sum": {
            "value": 23.90962725877762,
            "min": 11.969775676727295,
            "max": 23.90962725877762,
            "count": 2
        },
        "CarAgent.Losses.PolicyLoss.mean": {
            "value": 0.0642382745371045,
            "min": 0.0642382745371045,
            "max": 0.07081098712369567,
            "count": 2
        },
        "CarAgent.Losses.PolicyLoss.sum": {
            "value": 0.0642382745371045,
            "min": 0.0642382745371045,
            "max": 0.07081098712369567,
            "count": 2
        },
        "CarAgent.Losses.ValueLoss.mean": {
            "value": 0.02713378912458817,
            "min": 0.02713378912458817,
            "max": 0.08445748939489325,
            "count": 2
        },
        "CarAgent.Losses.ValueLoss.sum": {
            "value": 0.02713378912458817,
            "min": 0.02713378912458817,
            "max": 0.08445748939489325,
            "count": 2
        },
        "CarAgent.Policy.LearningRate.mean": {
            "value": 5.8967165344304986e-05,
            "min": 5.8967165344304986e-05,
            "max": 5.9147915284055004e-05,
            "count": 2
        },
        "CarAgent.Policy.LearningRate.sum": {
            "value": 5.8967165344304986e-05,
            "min": 5.8967165344304986e-05,
            "max": 5.9147915284055004e-05,
            "count": 2
        },
        "CarAgent.Policy.Epsilon.mean": {
            "value": 0.11965569500000006,
            "min": 0.11965569500000006,
            "max": 0.11971594500000002,
            "count": 2
        },
        "CarAgent.Policy.Epsilon.sum": {
            "value": 0.11965569500000006,
            "min": 0.11965569500000006,
            "max": 0.11971594500000002,
            "count": 2
        },
        "CarAgent.Policy.Beta.mean": {
            "value": 0.0002045913805,
            "min": 0.0002045913805,
            "max": 0.00020518785549999998,
            "count": 2
        },
        "CarAgent.Policy.Beta.sum": {
            "value": 0.0002045913805,
            "min": 0.0002045913805,
            "max": 0.00020518785549999998,
            "count": 2
        },
        "CarAgent.IsTraining.mean": {
            "value": 1.0,
            "min": 1.0,
            "max": 1.0,
            "count": 2
        },
        "CarAgent.IsTraining.sum": {
            "value": 1.0,
            "min": 1.0,
            "max": 1.0,
            "count": 2
        }
    },
    "metadata": {
        "timer_format_version": "0.1.0",
        "start_time_seconds": "1699314699",
        "python_version": "3.9.13 (tags/v3.9.13:6de2ca5, May 17 2022, 16:36:42) [MSC v.1929 64 bit (AMD64)]",
        "command_line_arguments": "C:\\Users\\henri\\AppData\\Local\\Programs\\Python\\Python39\\Scripts\\mlagents-learn Agent.yaml --run-id=2.3v6 --resume",
        "mlagents_version": "0.30.0",
        "mlagents_envs_version": "0.30.0",
        "communication_protocol_version": "1.5.0",
        "pytorch_version": "2.0.1+cpu",
        "numpy_version": "1.23.5",
        "end_time_seconds": "1699314960"
    },
    "total": 261.5110767,
    "count": 1,
    "self": 10.005040699999995,
    "children": {
        "run_training.setup": {
            "total": 0.08702329999999847,
            "count": 1,
            "self": 0.08702329999999847
        },
        "TrainerController.start_learning": {
            "total": 251.4190127,
            "count": 1,
            "self": 0.683284799999683,
            "children": {
                "TrainerController._reset_env": {
                    "total": 4.396532299999999,
                    "count": 1,
                    "self": 4.396532299999999
                },
                "TrainerController.advance": {
                    "total": 246.0732573000003,
                    "count": 39217,
                    "self": 0.29110719999832213,
                    "children": {
                        "env_step": {
                            "total": 245.78215010000199,
                            "count": 39217,
                            "self": 195.1897855000034,
                            "children": {
                                "SubprocessEnvManager._take_step": {
                                    "total": 50.25646909999837,
                                    "count": 39217,
                                    "self": 1.2812120999964307,
                                    "children": {
                                        "TorchPolicy.evaluate": {
                                            "total": 48.97525700000194,
                                            "count": 39217,
                                            "self": 48.97525700000194
                                        }
                                    }
                                },
                                "workers": {
                                    "total": 0.3358955000002002,
                                    "count": 39216,
                                    "self": 0.0,
                                    "children": {
                                        "worker_root": {
                                            "total": 242.95100419999974,
                                            "count": 39216,
                                            "is_parallel": true,
                                            "self": 77.47983369999957,
                                            "children": {
                                                "steps_from_proto": {
                                                    "total": 0.0016213000000000477,
                                                    "count": 1,
                                                    "is_parallel": true,
                                                    "self": 0.000416899999998499,