{
    "name": "root",
    "gauges": {
        "CarAgent.Policy.Entropy.mean": {
            "value": 2.307345151901245,
            "min": 2.307345151901245,
            "max": 2.3182132244110107,
            "count": 5
        },
        "CarAgent.Policy.Entropy.sum": {
            "value": 39893.99609375,
            "min": 26956.390625,
            "max": 65172.9921875,
            "count": 5
        },
        "CarAgent.Environment.EpisodeLength.mean": {
            "value": 1606.923076923077,
            "min": 941.7692307692307,
            "max": 1865.875,
            "count": 5
        },
        "CarAgent.Environment.EpisodeLength.sum": {
            "value": 20890.0,
            "min": 12243.0,
            "max": 24167.0,
            "count": 5
        },
        "CarAgent.Step.mean": {
            "value": 99178.0,
            "min": 19256.0,
            "max": 99178.0,
            "count": 5
        },
        "CarAgent.Step.sum": {
            "value": 99178.0,
            "min": 19256.0,
            "max": 99178.0,
            "count": 5
        },
        "CarAgent.Policy.ExtrinsicValueEstimate.mean": {
            "value": -1.2664676904678345,
            "min": -3.263773202896118,
            "max": -0.9381140470504761,
            "count": 5
        },
        "CarAgent.Policy.ExtrinsicValueEstimate.sum": {
            "value": -36.727561950683594,
            "min": -91.38565063476562,
            "max": -26.267192840576172,
            "count": 5
        },
        "CarAgent.Environment.CumulativeReward.mean": {
            "value": -10.748159955122642,
            "min": -19.1889107887234,
            "max": -9.030586858781485,
            "count": 5
        },
        "CarAgent.Environment.CumulativeReward.sum": {
            "value": -150.47423937171698,
            "min": -268.6447510421276,
            "max": -117.3976291641593,
            "count": 5
        },
        "CarAgent.Policy.ExtrinsicReward.mean": {
            "value": -10.748159955122642,
            "min": -19.1889107887234,
            "max": -9.030586858781485,
            "count": 5
        },
        "CarAgent.Policy.ExtrinsicReward.sum": {
            "value": -150.47423937171698,
            "min": -268.6447510421276,
            "max": -117.3976291641593,
            "count": 5
        },
        "CarAgent.Losses.PolicyLoss.mean": {
            "value": 0.07254919680028064,
            "min": 0.05809169864380071,
            "max": 0.07460703431292584,
            "count": 5
        },
        "CarAgent.Losses.PolicyLoss.sum": {
            "value": 0.07254919680028064,
            "min": 0.06962933301835993,
            "max": 0.14043567954121736,
            "count": 5
        },
        "CarAgent.Losses.ValueLoss.mean": {
            "value": 0.6148795278695149,
            "min": 0.3393280612467562,
            "max": 72.30831831378096,
            "count": 5
        },
        "CarAgent.Losses.ValueLoss.sum": {
            "value": 0.6148795278695149,
            "min": 0.3393280612467562,
            "max": 144.61663662756192,
            "count": 5
        },
        "CarAgent.Policy.LearningRate.mean": {
            "value": 0.00029868888043704,
            "min": 0.00029868888043704,
            "max": 0.0002998129800623399,
            "count": 5
        },
        "CarAgent.Policy.LearningRate.sum": {
            "value": 0.00029868888043704,
            "min": 0.00029868888043704,
            "max": 0.0005990455503181499,
            "count": 5
        },
        "CarAgent.Policy.Epsilon.mean": {
            "value": 0.19956295999999996,
            "min": 0.19956295999999996,
            "max": 0.19993766000000002,
            "count": 5
        },
        "CarAgent.Policy.Epsilon.sum": {
            "value": 0.19956295999999996,
            "min": 0.19956295999999996,
            "max": 0.3996818499999999,
            "count": 5
        },
        "CarAgent.Policy.Beta.mean": {
            "value": 0.0009956733039999997,
            "min": 0.0009956733039999997,
            "max": 0.000999382834,
            "count": 5
        },
        "CarAgent.Policy.Beta.sum": {
            "value": 0.0009956733039999997,
            "min": 0.0009956733039999997,
            "max": 0.001996850315,
            "count": 5
        },
        "CarAgent.IsTraining.mean": {
            "value": 1.0,
            "min": 1.0,
            "max": 1.0,
            "count": 5
        },
        "CarAgent.IsTraining.sum": {
            "value": 1.0,
            "min": 1.0,
            "max": 1.0,
            "count": 5
        }
    },
    "metadata": {
        "timer_format_version": "0.1.0",
        "start_time_seconds": "1699285448",
        "python_version": "3.9.13 (tags/v3.9.13:6de2ca5, May 17 2022, 16:36:42) [MSC v.1929 64 bit (AMD64)]",
        "command_line_arguments": "C:\\Users\\henri\\AppData\\Local\\Programs\\Python\\Python39\\Scripts\\mlagents-learn Agent.yaml --run-id=2.3v4 --initialize-from 2.3v2",
        "mlagents_version": "0.30.0",
        "mlagents_envs_version": "0.30.0",
        "communication_protocol_version": "1.5.0",
        "pytorch_version": "2.0.1+cpu",
        "numpy_version": "1.23.5",
        "end_time_seconds": "1699285616"
    },
    "total": 167.5837752,
    "count": 1,
    "self": 0.004254099999997152,
    "children": {
        "run_training.setup": {
            "total": 0.07236330000000013,
            "count": 1,
            "self": 0.07236330000000013
        },
        "TrainerController.start_learning": {
            "total": 167.5071578,
            "count": 1,
            "self": 0.16788679999996248,
            "children": {
                "TrainerController._reset_env": {
                    "total": 8.4161505,
                    "count": 1,
                    "self": 8.4161505
                },
                "TrainerController.advance": {
                    "total": 158.79225570000003,
                    "count": 7584,
                    "self": 0.06661019999947371,
                    "children": {
                        "env_step": {
                            "total": 158.72564550000055,
                            "count": 7584,
                            "self": 132.97641280000016,
                            "children": {
                                "SubprocessEnvManager._take_step": {
                                    "total": 25.672167400000465,
                                    "count": 7584,
                                    "self": 0.3384921999998589,
                                    "children": {
                                        "TorchPolicy.evaluate": {
                                            "total": 25.333675200000606,
                                            "count": 7584,
                                            "self": 25.333675200000606
                                        }
                                    }
                                },
                                "workers": {
                                    "total": 0.07706529999993883,
                                    "count": 7583,
                                    "self": 0.0,
                                    "children": {
                                        "worker_root": {
                                            "total": 112.89191349999993,
                                            "count": 7583,
                                            "is_parallel": true,
                                            "self": 40.40046819999995,
                                            "children": {
                                                "steps_from_proto": {
                                                    "total": 0.000888800000000245,
                                                    "count": 1,
                                                    "is_parallel": true,
                                                    "self": 0.00016679999999702488,