{
    "name": "root",
    "gauges": {
        "CarAgent.Policy.Entropy.mean": {
            "value": 1.4692564010620117,
            "min": 1.4692564010620117,
            "max": 1.6508550643920898,
            "count": 25
        },
        "CarAgent.Policy.Entropy.sum": {
            "value": 37560.0703125,
            "min": 18626.421875,
            "max": 40863.8515625,
            "count": 25
        },
        "CarAgent.Environment.EpisodeLength.mean": {
            "value": 729.2571428571429,
            "min": 441.0,
            "max": 866.75,
            "count": 25
        },
        "CarAgent.Environment.EpisodeLength.sum": {
            "value": 25524.0,
            "min": 13497.0,
            "max": 26747.0,
            "count": 25
        },
        "CarAgent.Step.mean": {
            "value": 499915.0,
            "min": 19759.0,
            "max": 499915.0,
            "count": 25
        },
        "CarAgent.Step.sum": {
            "value": 499915.0,
            "min": 19759.0,
            "max": 499915.0,
            "count": 25
        },
        "CarAgent.Policy.ExtrinsicValueEstimate.mean": {
            "value": -0.1190728172659874,
            "min": -0.6064990162849426,
            "max": -0.11715295910835266,
            "count": 25
        },
        "CarAgent.Policy.ExtrinsicValueEstimate.sum": {
            "value": -3.929403066635132,
            "min": -24.259960174560547,
            "max": -3.6128127574920654,
            "count": 25
        },
        "CarAgent.Environment.CumulativeReward.mean": {
            "value": -0.5838820906700911,
            "min": -4.515259620755217,
            "max": -0.43396417021751404,
            "count": 25
        },
        "CarAgent.Environment.CumulativeReward.sum": {
            "value": -15.76481644809246,
            "min": -194.15616369247437,
            "max": -10.849104255437851,
            "count": 25
        },
        "CarAgent.Policy.ExtrinsicReward.mean": {
            "value": -0.5838820906700911,
            "min": -4.515259620755217,
            "max": -0.43396417021751404,
            "count": 25
        },
        "CarAgent.Policy.ExtrinsicReward.sum": {
            "value": -15.76481644809246,
            "min": -194.15616369247437,
            "max": -10.849104255437851,
            "count": 25
        },
        "CarAgent.Losses.PolicyLoss.mean": {
            "value": 0.07131527855858157,
            "min": 0.06568210446928488,
            "max": 0.07426207963712755,
            "count": 25
        },
        "CarAgent.Losses.PolicyLoss.sum": {
            "value": 0.14263055711716313,
            "min": 0.06568210446928488,
            "max": 0.14776674056369793,
            "count": 25
        },
        "CarAgent.Losses.ValueLoss.mean": {
            "value": 0.010307397940813022,
            "min": 0.0030200412395846336,
            "max": 0.08023301153612805,
            "count": 25
        },
        "CarAgent.Losses.ValueLoss.sum": {
            "value": 0.020614795881626045,
            "min": 0.0030229097794708237,
            "max": 0.13674213072285057,
            "count": 25
        },
        "CarAgent.Policy.LearningRate.mean": {
            "value": 4.39779853410001e-06,
            "min": 4.39779853410001e-06,
            "max": 0.00029257560247479986,
            "count": 25
        },
        "CarAgent.Policy.LearningRate.sum": {
            "value": 8.79559706820002e-06,
            "min": 8.79559706820002e-06,
            "max": 0.0005632176122607999,
            "count": 25
        },
        "CarAgent.Policy.Epsilon.mean": {
            "value": 0.1014659,
            "min": 0.1014659,
            "max": 0.19752520000000007,
            "count": 25
        },
        "CarAgent.Policy.Epsilon.sum": {
            "value": 0.2029318,
            "min": 0.11021459999999998,
            "max": 0.38773920000000006,
            "count": 25
        },
        "CarAgent.Policy.Beta.mean": {
            "value": 2.451241000000003e-05,
            "min": 2.451241000000003e-05,
            "max": 0.0009754994800000001,
            "count": 25
        },
        "CarAgent.Policy.Beta.sum": {
            "value": 4.902482000000006e-05,
            "min": 4.902482000000006e-05,
            "max": 0.00187861808,
            "count": 25
        },
        "CarAgent.IsTraining.mean": {
            "value": 1.0,
            "min": 1.0,
            "max": 1.0,
            "count": 25
        },
        "CarAgent.IsTraining.sum": {
            "value": 1.0,
            "min": 1.0,
            "max": 1.0,
            "count": 25
        }
    },
    "metadata": {
        "timer_format_version": "0.1.0",
        "start_time_seconds": "1703695027",
        "python_version": "3.9.13 (tags/v3.9.13:6de2ca5, May 17 2022, 16:36:42) [MSC v.1929 64 bit (AMD64)]",
        "command_line_arguments": "C:\\Users\\henri\\AppData\\Local\\Programs\\Python\\Python39\\Scripts\\mlagents-learn Agent.yaml --run-id v2.1 --initialize-from v2",
        "mlagents_version": "0.30.0",
        "mlagents_envs_version": "0.30.0",
        "communication_protocol_version": "1.5.0",
        "pytorch_version": "2.0.1+cpu",
        "numpy_version": "1.23.5",
        "end_time_seconds": "1703695479"
    },
    "total": 451.6056231,
    "count": 1,
    "self": 0.005697100000020328,
    "children": {
        "run_training.setup": {
            "total": 0.07382229999999979,
            "count": 1,
            "self": 0.07382229999999979
        },
        "TrainerController.start_learning": {
            "total": 451.52610369999996,
            "count": 1,
            "self": 0.9963344000029224,
            "children": {
                "TrainerController._reset_env": {
                    "total": 6.628876400000001,
                    "count": 1,
                    "self": 6.628876400000001
                },
                "TrainerController.advance": {
                    "total": 443.82384719999703,
                    "count": 36571,
                    "self": 0.31585449999721504,
                    "children": {
                        "env_step": {
                            "total": 443.5079926999998,
                            "count": 36571,
                            "self": 318.3983407999995,
                            "children": {
                                "SubprocessEnvManager._take_step": {
                                    "total": 124.73763420000051,
                                    "count": 36571,
                                    "self": 1.756773899998521,
                                    "children": {
                                        "TorchPolicy.evaluate": {
                                            "total": 122.98086030000199,
                                            "count": 36571,
                                            "self": 122.98086030000199
                                        }
                                    }
                                },
                                "workers": {
                                    "total": 0.37201769999978396,
                                    "count": 36571,
                                    "self": 0.0,
                                    "children": {
                                        "worker_root": {
                                            "total": 443.7442325000018,
                                            "count": 36571,
                                            "is_parallel": true,
                                            "self": 193.04872040000555,
                                            "children": {
                                                "steps_from_proto": {
                                                    "total": 0.0005784999999995932,
                                                    "count": 1,
                                                    "is_parallel": true,