{
    "name": "root",
    "gauges": {
        "CarAgent.Policy.Entropy.mean": {
            "value": 1.3302522897720337,
            "min": 1.2906941175460815,
            "max": 1.3460588455200195,
            "count": 50
        },
        "CarAgent.Policy.Entropy.sum": {
            "value": 33783.0859375,
            "min": 14529.359375,
            "max": 39186.96875,
            "count": 50
        },
        "CarAgent.Environment.EpisodeLength.mean": {
            "value": 1092.64,
            "min": 1073.8333333333333,
            "max": 1293.9166666666667,
            "count": 50
        },
        "CarAgent.Environment.EpisodeLength.sum": {
            "value": 27316.0,
            "min": 9058.0,
            "max": 29825.0,
            "count": 50
        },
        "CarAgent.Step.mean": {
            "value": 999280.0,
            "min": 19460.0,
            "max": 999280.0,
            "count": 50
        },
        "CarAgent.Step.sum": {
            "value": 999280.0,
            "min": 19460.0,
            "max": 999280.0,
            "count": 50
        },
        "CarAgent.Policy.ExtrinsicValueEstimate.mean": {
            "value": 0.94423508644104,
            "min": -0.11805069446563721,
            "max": 1.155669927597046,
            "count": 50
        },
        "CarAgent.Policy.ExtrinsicValueEstimate.sum": {
            "value": 33.992462158203125,
            "min": -3.541520833969116,
            "max": 43.18646240234375,
            "count": 50
        },
        "CarAgent.Environment.CumulativeReward.mean": {
            "value": 3.5164983962711536,
            "min": -1.1849055979400873,
            "max": 4.529812844176042,
            "count": 50
        },
        "CarAgent.Environment.CumulativeReward.sum": {
            "value": 66.81346952915192,
            "min": -18.958489567041397,
            "max": 86.06644403934479,
            "count": 50
        },
        "CarAgent.Policy.ExtrinsicReward.mean": {
            "value": 3.5164983962711536,
            "min": -1.1849055979400873,
            "max": 4.529812844176042,
            "count": 50
        },
        "CarAgent.Policy.ExtrinsicReward.sum": {
            "value": 66.81346952915192,
            "min": -18.958489567041397,
            "max": 86.06644403934479,
            "count": 50
        },
        "CarAgent.Losses.PolicyLoss.mean": {
            "value": 0.06979276654508734,
            "min": 0.06541958752306898,
            "max": 0.07779328714076351,
            "count": 50
        },
        "CarAgent.Losses.PolicyLoss.sum": {
            "value": 0.13958553309017468,
            "min": 0.06768945627333303,
            "max": 0.15097304723014587,
            "count": 50
        },
        "CarAgent.Losses.ValueLoss.mean": {
            "value": 0.0033647114908367417,
            "min": 0.001288090217552871,
            "max": 0.01996559096525384,
            "count": 50
        },
        "CarAgent.Losses.ValueLoss.sum": {
            "value": 0.0067294229816734835,
            "min": 0.001288090217552871,
            "max": 0.03993118193050768,
            "count": 50
        },
        "CarAgent.Policy.LearningRate.mean": {
            "value": 2.2097492634499904e-06,
            "min": 2.2097492634499904e-06,
            "max": 0.00029589450136850004,
            "count": 50
        },
        "CarAgent.Policy.LearningRate.sum": {
            "value": 4.419498526899981e-06,
            "min": 4.419498526899981e-06,
            "max": 0.0005802192065936,
            "count": 50
        },
        "CarAgent.Policy.Epsilon.mean": {
            "value": 0.10073654999999998,
            "min": 0.10073654999999998,
            "max": 0.19863150000000007,
            "count": 50
        },
        "CarAgent.Policy.Epsilon.sum": {
            "value": 0.20147309999999996,
            "min": 0.10510430000000003,
            "max": 0.39340640000000016,
            "count": 50
        },
        "CarAgent.Policy.Beta.mean": {
            "value": 1.7291844999999972e-05,
            "min": 1.7291844999999972e-05,
            "max": 0.0009864518500000002,
            "count": 50
        },
        "CarAgent.Policy.Beta.sum": {
            "value": 3.4583689999999944e-05,
            "min": 3.4583689999999944e-05,
            "max": 0.00193472336,
            "count": 50
        },
        "CarAgent.IsTraining.mean": {
            "value": 1.0,
            "min": 1.0,
            "max": 1.0,
            "count": 50
        },
        "CarAgent.IsTraining.sum": {
            "value": 1.0,
            "min": 1.0,
            "max": 1.0,
            "count": 50
        }
    },
    "metadata": {
        "timer_format_version": "0.1.0",
        "start_time_seconds": "1703697684",
        "python_version": "3.9.13 (tags/v3.9.13:6de2ca5, May 17 2022, 16:36:42) [MSC v.1929 64 bit (AMD64)]",
        "command_line_arguments": "C:\\Users\\henri\\AppData\\Local\\Programs\\Python\\Python39\\Scripts\\mlagents-learn Agent.yaml --run-id v2.4 --initialize-from v2.3",
        "mlagents_version": "0.30.0",
        "mlagents_envs_version": "0.30.0",
        "communication_protocol_version": "1.5.0",
        "pytorch_version": "2.0.1+cpu",
        "numpy_version": "1.23.5",
        "end_time_seconds": "1703698608"
    },
    "total": 924.5596824999999,
    "count": 1,
    "self": 0.00754509999990205,
    "children": {
        "run_training.setup": {
            "total": 0.07954719999999993,
            "count": 1,
            "self": 0.07954719999999993
        },
        "TrainerController.start_learning": {
            "total": 924.4725902,
            "count": 1,
            "self": 2.107728999988808,
            "children": {
                "TrainerController._reset_env": {
                    "total": 7.647834500000001,
                    "count": 1,
                    "self": 7.647834500000001
                },
                "TrainerController.advance": {
                    "total": 914.6165630000112,
                    "count": 72402,
                    "self": 0.7115873000190049,
                    "children": {
                        "env_step": {
                            "total": 913.9049756999922,
                            "count": 72402,
                            "self": 651.3992507999817,
                            "children": {
                                "SubprocessEnvManager._take_step": {
                                    "total": 261.7136384000038,
                                    "count": 72402,
                                    "self": 3.463139599999522,
                                    "children": {
                                        "TorchPolicy.evaluate": {
                                            "total": 258.25049880000427,
                                            "count": 72402,
                                            "self": 258.25049880000427
                                        }
                                    }
                                },
                                "workers": {
                                    "total": 0.7920865000066293,
                                    "count": 72402,
                                    "self": 0.0,
                                    "children": {
                                        "worker_root": {
                                            "total": 914.2660939999939,
                                            "count": 72402,
                                            "is_parallel": true,
                                            "self": 403.2946926999922,
                                            "children": {
                                                "steps_from_proto": {
                                                    "total": 0.0007931000000001021,
                                                    "count": 1,
                                                    "is_parallel": true,