{
    "name": "root",
    "gauges": {
        "CarAgent.Policy.Entropy.mean": {
            "value": 0.8325444459915161,
            "min": 0.8210237622261047,
            "max": 1.0921145677566528,
            "count": 100
        },
        "CarAgent.Policy.Entropy.sum": {
            "value": 16212.970703125,
            "min": 9593.67578125,
            "max": 27592.3359375,
            "count": 100
        },
        "CarAgent.Environment.EpisodeLength.mean": {
            "value": 1243.0666666666666,
            "min": 717.9411764705883,
            "max": 1553.4117647058824,
            "count": 100
        },
        "CarAgent.Environment.EpisodeLength.sum": {
            "value": 18646.0,
            "min": 6221.0,
            "max": 30400.0,
            "count": 100
        },
        "CarAgent.Step.mean": {
            "value": 1999308.0,
            "min": 19346.0,
            "max": 1999308.0,
            "count": 100
        },
        "CarAgent.Step.sum": {
            "value": 1999308.0,
            "min": 19346.0,
            "max": 1999308.0,
            "count": 100
        },
        "CarAgent.Policy.ExtrinsicValueEstimate.mean": {
            "value": 0.1834123283624649,
            "min": -0.09182354062795639,
            "max": 0.3410148620605469,
            "count": 100
        },
        "CarAgent.Policy.ExtrinsicValueEstimate.sum": {
            "value": 4.768720626831055,
            "min": -2.3114542961120605,
            "max": 8.184356689453125,
            "count": 100
        },
        "CarAgent.Environment.CumulativeReward.mean": {
            "value": 2.5978036671876907,
            "min": -1.0228088460862637,
            "max": 3.574208389629017,
            "count": 100
        },
        "CarAgent.Environment.CumulativeReward.sum": {
            "value": 36.36925134062767,
            "min": -16.36494153738022,
            "max": 51.114134937524796,
            "count": 100
        },
        "CarAgent.Policy.ExtrinsicReward.mean": {
            "value": 2.5978036671876907,
            "min": -1.0228088460862637,
            "max": 3.574208389629017,
            "count": 100
        },
        "CarAgent.Policy.ExtrinsicReward.sum": {
            "value": 36.36925134062767,
            "min": -16.36494153738022,
            "max": 51.114134937524796,
            "count": 100
        },
        "CarAgent.Losses.PolicyLoss.mean": {
            "value": 0.07124288429087819,
            "min": 0.05726791383866738,
            "max": 0.07620447009849447,
            "count": 100
        },
        "CarAgent.Losses.PolicyLoss.sum": {
            "value": 0.14248576858175638,
            "min": 0.05726791383866738,
            "max": 0.15219342380677767,
            "count": 100
        },
        "CarAgent.Losses.ValueLoss.mean": {
            "value": 0.0010343798777837138,
            "min": 0.00039637255006583796,
            "max": 0.0850503967137899,
            "count": 100
        },
        "CarAgent.Losses.ValueLoss.sum": {
            "value": 0.0020687597555674275,
            "min": 0.00039637255006583796,
            "max": 0.0850503967137899,
            "count": 100
        },
        "CarAgent.Policy.LearningRate.mean": {
            "value": 1.869249376950008e-06,
            "min": 1.869249376950008e-06,
            "max": 0.0002981766006077999,
            "count": 100
        },
        "CarAgent.Policy.LearningRate.sum": {
            "value": 3.738498753900016e-06,
            "min": 3.738498753900016e-06,
            "max": 0.0005908663530445499,
            "count": 100
        },
        "CarAgent.Policy.Epsilon.mean": {
            "value": 0.10062305000000002,
            "min": 0.10062305000000002,
            "max": 0.1993922,
            "count": 100
        },
        "CarAgent.Policy.Epsilon.sum": {
            "value": 0.20124610000000004,
            "min": 0.10157795,
            "max": 0.39695545,
            "count": 100
        },
        "CarAgent.Policy.Beta.mean": {
            "value": 1.6168195000000026e-05,
            "min": 1.6168195000000026e-05,
            "max": 0.0009939827799999997,
            "count": 100
        },
        "CarAgent.Policy.Beta.sum": {
            "value": 3.233639000000005e-05,
            "min": 2.5621704999999945e-05,
            "max": 0.0019698589549999998,
            "count": 100
        },
        "CarAgent.IsTraining.mean": {
            "value": 1.0,
            "min": 1.0,
            "max": 1.0,
            "count": 100
        },
        "CarAgent.IsTraining.sum": {
            "value": 1.0,
            "min": 1.0,
            "max": 1.0,
            "count": 100
        }
    },
    "metadata": {
        "timer_format_version": "0.1.0",
        "start_time_seconds": "1703776074",
        "python_version": "3.9.13 (tags/v3.9.13:6de2ca5, May 17 2022, 16:36:42) [MSC v.1929 64 bit (AMD64)]",
        "command_line_arguments": "C:\\Users\\henri\\AppData\\Local\\Programs\\Python\\Python39\\Scripts\\mlagents-learn Agent.yaml --run-id v2.8 --initialize-from v2.7",
        "mlagents_version": "0.30.0",
        "mlagents_envs_version": "0.30.0",
        "communication_protocol_version": "1.5.0",
        "pytorch_version": "2.0.1+cpu",
        "numpy_version": "1.23.5",
        "end_time_seconds": "1703778297"
    },
    "total": 2223.0901854,
    "count": 1,
    "self": 0.006235899999865069,
    "children": {
        "run_training.setup": {
            "total": 0.10270250000000036,
            "count": 1,
            "self": 0.10270250000000036
        },
        "TrainerController.start_learning": {
            "total": 2222.981247,
            "count": 1,
            "self": 4.3579091999768025,
            "children": {
                "TrainerController._reset_env": {
                    "total": 7.9755512,
                    "count": 1,
                    "self": 7.9755512
                },
                "TrainerController.advance": {
                    "total": 2210.5528724000233,
                    "count": 143261,
                    "self": 1.9521385999751146,
                    "children": {
                        "env_step": {
                            "total": 2208.600733800048,
                            "count": 143261,
                            "self": 1535.4488763001643,
                            "children": {
                                "SubprocessEnvManager._take_step": {
                                    "total": 671.2461703999564,
                                    "count": 143261,
                                    "self": 9.758898799951453,
                                    "children": {
                                        "TorchPolicy.evaluate": {
                                            "total": 661.487271600005,
                                            "count": 143261,
                                            "self": 661.487271600005
                                        }
                                    }
                                },
                                "workers": {
                                    "total": 1.9056870999274196,
                                    "count": 143261,
                                    "self": 0.0,
                                    "children": {
                                        "worker_root": {
                                            "total": 2210.0811651000386,
                                            "count": 143261,
                                            "is_parallel": true,
                                            "self": 1014.2816389000343,
                                            "children": {
                                                "steps_from_proto": {
                                                    "total": 0.0009312000000001319,
                                                    "count": 1,
                                                    "is_parallel": true,