{
    "name": "root",
    "metadata": {
        "timer_format_version": "0.1.0",
        "start_time_seconds": "1699284202",
        "python_version": "3.9.13 (tags/v3.9.13:6de2ca5, May 17 2022, 16:36:42) [MSC v.1929 64 bit (AMD64)]",
        "command_line_arguments": "C:\\Users\\henri\\AppData\\Local\\Programs\\Python\\Python39\\Scripts\\mlagents-learn Agent.yaml --run-id=2.3v3 --resume",
        "mlagents_version": "0.30.0",
        "mlagents_envs_version": "0.30.0",
        "communication_protocol_version": "1.5.0",
        "pytorch_version": "2.0.1+cpu",
        "numpy_version": "1.23.5",
        "end_time_seconds": "1699284831"
    },
    "total": 629.0297202,
    "count": 1,
    "self": 0.0053233999999520165,
    "children": {
        "run_training.setup": {
            "total": 0.08626270000000025,
            "count": 1,
            "self": 0.08626270000000025
        },
        "TrainerController.start_learning": {
            "total": 628.9381341000001,
            "count": 1,
            "self": 0.44741959999828396,
            "children": {
                "TrainerController._reset_env": {
                    "total": 6.331389799999999,
                    "count": 1,
                    "self": 6.331389799999999
                },
                "TrainerController.advance": {
                    "total": 622.0213142000018,
                    "count": 21534,
                    "self": 0.1930703000032281,
                    "children": {
                        "env_step": {
                            "total": 621.8282438999986,
                            "count": 21534,
                            "self": 540.5255992000015,
                            "children": {
                                "SubprocessEnvManager._take_step": {
                                    "total": 81.08450919999812,
                                    "count": 21535,
                                    "self": 0.9532031999986259,
                                    "children": {
                                        "TorchPolicy.evaluate": {
                                            "total": 80.1313059999995,
                                            "count": 21535,
                                            "self": 80.1313059999995
                                        }
                                    }
                                },
                                "workers": {
                                    "total": 0.21813549999903614,
                                    "count": 21533,
                                    "self": 0.0,
                                    "children": {
                                        "worker_root": {
                                            "total": 490.4813507000034,
                                            "count": 21533,
                                            "is_parallel": true,
                                            "self": 116.85783700000394,
                                            "children": {
                                                "steps_from_proto": {
                                                    "total": 0.0017684000000004474,
                                                    "count": 2,
                                                    "is_parallel": true,
                                                    "self": 0.0003727000000051106,
                                                    "children": {
                                                        "_process_rank_one_or_two_observation": {
                                                            "total": 0.0013956999999953368,
                                                            "count": 16,
                                                            "is_parallel": true,
                                                            "self": 0.0013956999999953368
                                                        }
                                                    }
                                                },
                                                "UnityEnvironment.step": {
                                                    "total": 373.6217452999995,
                                                    "count": 21533,
                                                    "is_parallel": true,
                                                    "self": 6.532503400003293,
                                                    "children": {
                                                        "UnityEnvironment._generate_step_input": {
                                                            "total": 4.069889999997414,
                                                            "count": 21533,
                                                            "is_parallel": true,
                                                            "self": 4.069889999997414
                                                        },
                                                        "communicator.exchange": {
                                                            "total": 345.3947363000001,
                                                            "count": 21533,
                                                            "is_parallel": true,
                                                            "self": 345.3947363000001
                                                        },
                                                        "steps_from_proto": {
                                                            "total": 17.624615599998663,
                                                            "count": 21533,
                                                            "is_parallel": true,
                                                            "self": 3.24509999999367,
                                                            "children": {
                                                                "_process_rank_one_or_two_observation": {
                                                                    "total": 14.379515600004993,
                                                                    "count": 172264,
                                                                    "is_parallel": true,
                                                                    "self": 14.379515600004993
                                                                }
                                                            }
                                                        }
                                                    }
                                                }
                                            }
                                        }
                                    }
                                }
                            }
                        }
                    }
                },
                "TrainerController._save_models": {
                    "total": 0.1380104999999503,
                    "count": 1,
                    "self": 0.015821299999970506,
                    "children": {
                        "RLTrainer._checkpoint": {
                            "total": 0.12218919999997979,
                            "count": 1,
                            "self": 0.12218919999997979
                        }
                    }
                }
            }
        }
    }
}