{"count":1,"self":14860.895846399999,"total":15563.9136963,"children":{"InitializeActuators":{"count":14,"self":0.002002,"total":0.002002,"children":null},"InitializeSensors":{"count":14,"self":0.0040092999999999995,"total":0.0040092999999999995,"children":null},"AgentSendState":{"count":71967,"self":44.5172192,"total":64.8462815,"children":{"CollectObservations":{"count":1007538,"self":1.8462771999999998,"total":1.8462771,"children":null},"WriteActionMask":{"count":1007538,"self":0.7258195,"total":0.7258195,"children":null},"RequestDecision":{"count":1007538,"self":2.5358891999999997,"total":17.7569651,"children":{"AgentInfo.ToProto":{"count":1007538,"self":1.933404,"total":15.2210758,"children":{"GenerateSensorData":{"count":1007538,"self":10.9025992,"total":13.2876719,"children":{"RayPerceptionSensor.Perceive":{"count":3022614,"self":2.3850728,"total":2.3850728,"children":null}}}}}}}}},"DecideAction":{"count":71967,"self":622.947328,"total":622.947311,"children":null},"AgentAct":{"count":71967,"self":15.1959728,"total":15.1959731,"children":null},"AgentInfo.ToProto":{"count":939,"self":0.0055204999999999994,"total":0.021564899999999998,"children":{"GenerateSensorData":{"count":939,"self":0.014044899999999999,"total":0.0160444,"children":{"RayPerceptionSensor.Perceive":{"count":2817,"self":0.0019995,"total":0.0019995,"children":null}}}}}},"gauges":{"CarAgent.CumulativeReward":{"count":939,"max":4.580951,"min":-22.52267,"runningAverage":-0.864043534,"value":-0.514948964,"weightedAverage":0.24951686}},"metadata":{"timer_format_version":"0.1.0","start_time_seconds":"1703526608","unity_version":"2021.3.23f1","command_line_arguments":"F:\\Unity\\2021.3.23f1\\Editor\\Unity.exe -projectpath F:\\Github\\MotorMadness1\\Motor Madness -useHub -hubIPC -cloudEnvironment production -licensingIpc LicenseClient-henri -hubSessionId 2be8cb6a-f252-4fc6-9058-952912e1c521 -accessToken -HXwG3ZUMfvJslRq_yZPDWbBkeXdOKX7OoMTCX6fuwo006f","communication_protocol_version":"1.5.0","com.unity.ml-agents_version":"2.0.1","scene_name":"MainMenu","end_time_seconds":"1703542172"}}