{"count":1,"self":1450.226176,"total":5223.7209265,"children":{"InitializeActuators":{"count":14,"self":0.002079,"total":0.002079,"children":null},"InitializeSensors":{"count":14,"self":0.001506,"total":0.001506,"children":null},"AgentSendState":{"count":428901,"self":270.3547648,"total":378.6646533,"children":{"CollectObservations":{"count":6004614,"self":9.6293056,"total":9.6293059,"children":null},"WriteActionMask":{"count":6004614,"self":3.1100491999999997,"total":3.1100493,"children":null},"RequestDecision":{"count":6004614,"self":13.5576128,"total":95.5705279,"children":{"AgentInfo.ToProto":{"count":6004614,"self":10.590722399999999,"total":82.0129145,"children":{"GenerateSensorData":{"count":6004614,"self":58.3937664,"total":71.4221919,"children":{"RayPerceptionSensor.Perceive":{"count":18013842,"self":13.028423199999999,"total":13.028423199999999,"children":null}}}}}}}}},"DecideAction":{"count":428901,"self":3319.3220096,"total":3319.3219841,"children":null},"AgentAct":{"count":428901,"self":75.348620799999992,"total":75.348620799999992,"children":null},"AgentInfo.ToProto":{"count":6598,"self":0.0422426,"total":0.1543946,"children":{"GenerateSensorData":{"count":6598,"self":0.085486499999999993,"total":0.112152,"children":{"RayPerceptionSensor.Perceive":{"count":19794,"self":0.026665499999999998,"total":0.026665499999999998,"children":null}}}}}},"gauges":{"CarAgent.CumulativeReward":{"count":6598,"max":-0.7201482,"min":-9.299834,"runningAverage":-1.4397279,"value":-0.7201482,"weightedAverage":-1.19079816}},"metadata":{"timer_format_version":"0.1.0","start_time_seconds":"1703805072","unity_version":"2021.3.23f1","command_line_arguments":"F:\\Unity\\2021.3.23f1\\Editor\\Unity.exe -projectpath F:\\Github\\MotorMadness1\\Motor Madness -useHub -hubIPC -cloudEnvironment production -licensingIpc LicenseClient-henri -hubSessionId a4f15014-cb24-4d49-b342-8ba50470237a -accessToken 3l0LHs3PY1mf1kCDi1p3QtqfqLtEAhX6_sCxYamd1i4006f","communication_protocol_version":"1.5.0","com.unity.ml-agents_version":"2.0.1","scene_name":"Stage2.1","end_time_seconds":"1703810296"}}