{"count":1,"self":236.2580224,"total":728.7102784,"children":{"InitializeActuators":{"count":14,"self":0.0019996,"total":0.0019996,"children":null},"InitializeSensors":{"count":14,"self":0.0030080999999999997,"total":0.0030080999999999997,"children":null},"AgentSendState":{"count":43601,"self":41.8118304,"total":63.6637504,"children":{"CollectObservations":{"count":610414,"self":1.1577534,"total":1.1577534,"children":null},"WriteActionMask":{"count":610414,"self":0.3876928,"total":0.3876928,"children":null},"RequestDecision":{"count":610414,"self":1.5852898,"total":20.306475199999998,"children":{"AgentInfo.ToProto":{"count":610414,"self":1.293819,"total":18.7211854,"children":{"GenerateSensorData":{"count":610414,"self":15.5536496,"total":17.4273664,"children":{"RayPerceptionSensor.Perceive":{"count":1831242,"self":1.8737164,"total":1.8737164,"children":null}}}}}}}}},"DecideAction":{"count":43601,"self":419.7997312,"total":419.7997311,"children":null},"AgentAct":{"count":43601,"self":8.9793247999999988,"total":8.9793246,"children":null},"AgentInfo.ToProto":{"count":229,"self":0.0014378,"total":0.0044388,"children":{"GenerateSensorData":{"count":229,"self":0.0020017999999999998,"total":0.0030009999999999998,"children":{"RayPerceptionSensor.Perceive":{"count":687,"self":0.0009992,"total":0.0009992,"children":null}}}}}},"gauges":{"CarAgent.CumulativeReward":{"count":229,"max":12.208807,"min":-78.55344,"runningAverage":-10.1894064,"value":-0.168000162,"weightedAverage":-11.3382854}},"metadata":{"timer_format_version":"0.1.0","start_time_seconds":"1699286113","unity_version":"2021.3.23f1","command_line_arguments":"F:\\Unity\\2021.3.23f1\\Editor\\Unity.exe -projectpath F:\\Github\\MotorMadness1\\Motor Madness -useHub -hubIPC -cloudEnvironment production -licensingIpc LicenseClient-henri -hubSessionId 5d05135f-3d3c-4111-84b6-b238d9a110bf","communication_protocol_version":"1.5.0","com.unity.ml-agents_version":"2.0.1","scene_name":"Stage2.3","end_time_seconds":"1699286842"}}