{"count":1,"self":2146.7142144,"total":8245.100067899999,"children":{"InitializeActuators":{"count":14,"self":0.0010095,"total":0.0010095,"children":null},"InitializeSensors":{"count":14,"self":0.0029996999999999997,"total":0.0029996999999999997,"children":null},"AgentSendState":{"count":709517,"self":453.90402559999995,"total":623.55250219999994,"children":{"CollectObservations":{"count":9933238,"self":16.282888,"total":16.2828884,"children":null},"WriteActionMask":{"count":9933238,"self":5.2966248,"total":5.2966245999999995,"children":null},"RequestDecision":{"count":9933238,"self":21.4854768,"total":148.0689588,"children":{"AgentInfo.ToProto":{"count":9933238,"self":16.7355776,"total":126.58348219999999,"children":{"GenerateSensorData":{"count":9933238,"self":88.6906944,"total":109.84790489999999,"children":{"RayPerceptionSensor.Perceive":{"count":29799714,"self":21.1572112,"total":21.157211399999998,"children":null}}}}}}}}},"DecideAction":{"count":709517,"self":5352.9153535999994,"total":5352.915322,"children":null},"AgentAct":{"count":709517,"self":121.84399359999999,"total":121.844,"children":null},"AgentInfo.ToProto":{"count":2789,"self":0.0144906,"total":0.0691054,"children":{"GenerateSensorData":{"count":2789,"self":0.0455564,"total":0.0546148,"children":{"RayPerceptionSensor.Perceive":{"count":8367,"self":0.0090584,"total":0.0090584,"children":null}}}}}},"gauges":{"CarAgent.CumulativeReward":{"count":2789,"max":-0.7201482,"min":-9.118284,"runningAverage":-2.24016476,"value":-1.042411,"weightedAverage":-1.14801967}},"metadata":{"timer_format_version":"0.1.0","start_time_seconds":"1703948233","unity_version":"2021.3.23f1","command_line_arguments":"F:\\Unity\\2021.3.23f1\\Editor\\Unity.exe -projectpath F:\\Github\\MotorMadness1\\Motor Madness -useHub -hubIPC -cloudEnvironment production -licensingIpc LicenseClient-henri -hubSessionId 13437dd4-a2b8-47aa-9176-c8164f828821 -accessToken DlP4BnNBI_sNrr0eCCEk8MuCeVilZkq2cN206gY__jY006f","communication_protocol_version":"1.5.0","com.unity.ml-agents_version":"2.0.1","scene_name":"Stage2.1","end_time_seconds":"1703956478"}}