{
    "name": "root",
    "gauges": {
        "CarAgent.Policy.Entropy.mean": {
            "value": 2.3357794284820557,
            "min": 2.326500415802002,
            "max": 2.6346375942230225,
            "count": 959
        },
        "CarAgent.Policy.Entropy.sum": {
            "value": 53302.484375,
            "min": 26768.044921875,
            "max": 71839.546875,
            "count": 959
        },
        "CarAgent.Environment.EpisodeLength.mean": {
            "value": 2757.5,
            "min": 149.0,
            "max": 8365.5,
            "count": 944
        },
        "CarAgent.Environment.EpisodeLength.sum": {
            "value": 16545.0,
            "min": 266.0,
            "max": 61469.0,
            "count": 944
        },
        "CarAgent.Step.mean": {
            "value": 19999438.0,
            "min": 839699.0,
            "max": 19999438.0,
            "count": 959
        },
        "CarAgent.Step.sum": {
            "value": 19999438.0,
            "min": 839699.0,
            "max": 19999438.0,
            "count": 959
        },
        "CarAgent.Policy.ExtrinsicValueEstimate.mean": {
            "value": 0.030687987804412842,
            "min": -7.295250415802002,
            "max": 14.037911415100098,
            "count": 959
        },
        "CarAgent.Policy.ExtrinsicValueEstimate.sum": {
            "value": 0.6751357316970825,
            "min": -189.676513671875,
            "max": 294.796142578125,
            "count": 959
        },
        "CarAgent.Environment.CumulativeReward.mean": {
            "value": -0.5662175416946411,
            "min": -30.988528847694397,
            "max": 14.26447594165802,
            "count": 947
        },
        "CarAgent.Environment.CumulativeReward.sum": {
            "value": -3.3973052501678467,
            "min": -216.40872867405415,
            "max": 68.67830996215343,
            "count": 947
        },
        "CarAgent.Policy.ExtrinsicReward.mean": {
            "value": -0.5662175416946411,
            "min": -30.988528847694397,
            "max": 14.26447594165802,
            "count": 947
        },
        "CarAgent.Policy.ExtrinsicReward.sum": {
            "value": -3.3973052501678467,
            "min": -216.40872867405415,
            "max": 68.67830996215343,
            "count": 947
        },
        "CarAgent.IsTraining.mean": {
            "value": 1.0,
            "min": 1.0,
            "max": 1.0,
            "count": 959
        },
        "CarAgent.IsTraining.sum": {
            "value": 1.0,
            "min": 1.0,
            "max": 1.0,
            "count": 959
        },
        "CarAgent.Losses.PolicyLoss.mean": {
            "value": 0.06668541176538267,
            "min": 0.04250939844583896,
            "max": 0.0788270239564126,
            "count": 958
        },
        "CarAgent.Losses.PolicyLoss.sum": {
            "value": 0.13337082353076535,
            "min": 0.04250939844583896,
            "max": 0.15499815050813115,
            "count": 958
        },
        "CarAgent.Losses.ValueLoss.mean": {
            "value": 0.07999567778543001,
            "min": 0.001602464791082231,
            "max": 402.9735024474096,
            "count": 958
        },
        "CarAgent.Losses.ValueLoss.sum": {
            "value": 0.15999135557086003,
            "min": 0.001602464791082231,
            "max": 805.9470048948192,
            "count": 958
        },
        "CarAgent.Policy.LearningRate.mean": {
            "value": 1.2877745710749066e-07,
            "min": 1.2877745710749066e-07,
            "max": 0.0002872770192409949,
            "count": 958
        },
        "CarAgent.Policy.LearningRate.sum": {
            "value": 2.575549142149813e-07,
            "min": 2.575549142149813e-07,
            "max": 0.0005745540384819899,
            "count": 958
        },
        "CarAgent.Policy.Epsilon.mean": {
            "value": 0.10004289250000001,
            "min": 0.10004289250000001,
            "max": 0.19575900500000004,
            "count": 958
        },
        "CarAgent.Policy.Epsilon.sum": {
            "value": 0.20008578500000002,
            "min": 0.10013556499999998,
            "max": 0.3915180100000001,
            "count": 958
        },
        "CarAgent.Policy.Beta.mean": {
            "value": 1.042463574999997e-05,
            "min": 1.042463574999997e-05,
            "max": 0.0009580141495000001,
            "count": 958
        },
        "CarAgent.Policy.Beta.sum": {
            "value": 2.084927149999994e-05,
            "min": 1.1342093500000044e-05,
            "max": 0.0019160282990000003,
            "count": 958
        }
    },
    "metadata": {
        "timer_format_version": "0.1.0",
        "start_time_seconds": "1699247533",
        "python_version": "3.9.13 (tags/v3.9.13:6de2ca5, May 17 2022, 16:36:42) [MSC v.1929 64 bit (AMD64)]",
        "command_line_arguments": "C:\\Users\\henri\\AppData\\Local\\Programs\\Python\\Python39\\Scripts\\mlagents-learn Agent.yaml --run-id=2.3v2 --resume",
        "mlagents_version": "0.30.0",
        "mlagents_envs_version": "0.30.0",
        "communication_protocol_version": "1.5.0",
        "pytorch_version": "2.0.1+cpu",
        "numpy_version": "1.23.5",
        "end_time_seconds": "1699268611"
    },
    "total": 21078.8640556,
    "count": 1,
    "self": 0.010327499996492406,
    "children": {
        "run_training.setup": {
            "total": 0.07671610000000006,
            "count": 1,
            "self": 0.07671610000000006
        },
        "TrainerController.start_learning": {
            "total": 21078.777012000002,
            "count": 1,
            "self": 27.91179040001225,
            "children": {
                "TrainerController._reset_env": {
                    "total": 6.795825599999999,
                    "count": 1,
                    "self": 6.795825599999999
                },
                "TrainerController.advance": {
                    "total": 21043.984785599994,
                    "count": 1370051,
                    "self": 12.711363601101766,
                    "children": {
                        "env_step": {
                            "total": 21031.273421998892,
                            "count": 1370051,
                            "self": 15864.715200199818,
                            "children": {
                                "SubprocessEnvManager._take_step": {
                                    "total": 5152.278721999134,
                                    "count": 1370051,
                                    "self": 60.38515799907782,
                                    "children": {
                                        "TorchPolicy.evaluate": {
                                            "total": 5091.893564000056,
                                            "count": 1370051,
                                            "self": 5091.893564000056
                                        }
                                    }
                                },
                                "workers": {
                                    "total": 14.279499799940444,
                                    "count": 1370051,
                                    "self": 0.0,
                                    "children": {
                                        "worker_root": {
                                            "total": 21041.069903801017,
                                            "count": 1370051,
                                            "is_parallel": true,
                                            "self": 7626.592018201536,
                                            "children": {
                                                "steps_from_proto": {
                                                    "total": 0.0009283999999993853,
                                                    "count": 1,
                                                    "is_parallel": true,