{
    "name": "root",
    "gauges": {
        "CarAgent.Policy.Entropy.mean": {
            "value": 0.7214123010635376,
            "min": 0.7110422253608704,
            "max": 0.8451147079467773,
            "count": 150
        },
        "CarAgent.Policy.Entropy.sum": {
            "value": 15563.7490234375,
            "min": 8916.40625,
            "max": 22719.615234375,
            "count": 150
        },
        "CarAgent.Environment.EpisodeLength.mean": {
            "value": 4131.333333333333,
            "min": 299.0,
            "max": 6305.0,
            "count": 139
        },
        "CarAgent.Environment.EpisodeLength.sum": {
            "value": 12394.0,
            "min": 598.0,
            "max": 90695.0,
            "count": 139
        },
        "CarAgent.Step.mean": {
            "value": 2999141.0,
            "min": 19104.0,
            "max": 2999141.0,
            "count": 150
        },
        "CarAgent.Step.sum": {
            "value": 2999141.0,
            "min": 19104.0,
            "max": 2999141.0,
            "count": 150
        },
        "CarAgent.Policy.ExtrinsicValueEstimate.mean": {
            "value": 0.12016696482896805,
            "min": -0.6515287160873413,
            "max": 0.3463252782821655,
            "count": 150
        },
        "CarAgent.Policy.ExtrinsicValueEstimate.sum": {
            "value": 2.6436731815338135,
            "min": -14.33363151550293,
            "max": 9.004457473754883,
            "count": 150
        },
        "CarAgent.Environment.CumulativeReward.mean": {
            "value": -2.2248348891735077,
            "min": -11.82271659374237,
            "max": -0.7512428930827549,
            "count": 142
        },
        "CarAgent.Environment.CumulativeReward.sum": {
            "value": -4.449669778347015,
            "min": -79.62991124391556,
            "max": -2.293417990207672,
            "count": 142
        },
        "CarAgent.Policy.ExtrinsicReward.mean": {
            "value": -2.2248348891735077,
            "min": -11.82271659374237,
            "max": -0.7512428930827549,
            "count": 142
        },
        "CarAgent.Policy.ExtrinsicReward.sum": {
            "value": -4.449669778347015,
            "min": -79.62991124391556,
            "max": -2.293417990207672,
            "count": 142
        },
        "CarAgent.Losses.PolicyLoss.mean": {
            "value": 0.06803985191841919,
            "min": 0.05347284146652479,
            "max": 0.07765592948447615,
            "count": 150
        },
        "CarAgent.Losses.PolicyLoss.sum": {
            "value": 0.13607970383683837,
            "min": 0.05347284146652479,
            "max": 0.15092226102337553,
            "count": 150
        },
        "CarAgent.Losses.ValueLoss.mean": {
            "value": 0.0017334424419152806,
            "min": 0.00013925019603688605,
            "max": 0.7707181206513375,
            "count": 150
        },
        "CarAgent.Losses.ValueLoss.sum": {
            "value": 0.003466884883830561,
            "min": 0.00013925019603688605,
            "max": 1.541436241302675,
            "count": 150
        },
        "CarAgent.Policy.LearningRate.mean": {
            "value": 1.0931496356500064e-06,
            "min": 1.0931496356500064e-06,
            "max": 0.0002987896004034667,
            "count": 150
        },
        "CarAgent.Policy.LearningRate.sum": {
            "value": 2.186299271300013e-06,
            "min": 2.186299271300013e-06,
            "max": 0.0005905792031402665,
            "count": 150
        },
        "CarAgent.Policy.Epsilon.mean": {
            "value": 0.10036435,
            "min": 0.10036435,
            "max": 0.19959653333333335,
            "count": 150
        },
        "CarAgent.Policy.Epsilon.sum": {
            "value": 0.2007287,
            "min": 0.10097426666666665,
            "max": 0.3968597333333333,
            "count": 150
        },
        "CarAgent.Policy.Beta.mean": {
            "value": 1.3607065000000022e-05,
            "min": 1.3607065000000022e-05,
            "max": 0.00099600568,
            "count": 150
        },
        "CarAgent.Policy.Beta.sum": {
            "value": 2.7214130000000044e-05,
            "min": 1.964524000000001e-05,
            "max": 0.0019689113599999997,
            "count": 150
        },
        "CarAgent.IsTraining.mean": {
            "value": 1.0,
            "min": 1.0,
            "max": 1.0,
            "count": 150
        },
        "CarAgent.IsTraining.sum": {
            "value": 1.0,
            "min": 1.0,
            "max": 1.0,
            "count": 150
        }
    },
    "metadata": {
        "timer_format_version": "0.1.0",
        "start_time_seconds": "1703786064",
        "python_version": "3.9.13 (tags/v3.9.13:6de2ca5, May 17 2022, 16:36:42) [MSC v.1929 64 bit (AMD64)]",
        "command_line_arguments": "C:\\Users\\henri\\AppData\\Local\\Programs\\Python\\Python39\\Scripts\\mlagents-learn Agent.yaml --run-id v3.2 --initialize-from v3.1",
        "mlagents_version": "0.30.0",
        "mlagents_envs_version": "0.30.0",
        "communication_protocol_version": "1.5.0",
        "pytorch_version": "2.0.1+cpu",
        "numpy_version": "1.23.5",
        "end_time_seconds": "1703788893"
    },
    "total": 2828.3811655,
    "count": 1,
    "self": 0.007632699999703618,
    "children": {
        "run_training.setup": {
            "total": 0.07089999999999996,
            "count": 1,
            "self": 0.07089999999999996
        },
        "TrainerController.start_learning": {
            "total": 2828.3026328,
            "count": 1,
            "self": 4.751194499974645,
            "children": {
                "TrainerController._reset_env": {
                    "total": 10.6976842,
                    "count": 1,
                    "self": 10.6976842
                },
                "TrainerController.advance": {
                    "total": 2812.7629188000255,
                    "count": 214981,
                    "self": 1.95512100013093,
                    "children": {
                        "env_step": {
                            "total": 2810.8077977998946,
                            "count": 214981,
                            "self": 2026.362407799921,
                            "children": {
                                "SubprocessEnvManager._take_step": {
                                    "total": 782.1786073000525,
                                    "count": 214981,
                                    "self": 10.8052979000081,
                                    "children": {
                                        "TorchPolicy.evaluate": {
                                            "total": 771.3733094000444,
                                            "count": 214981,
                                            "self": 771.3733094000444
                                        }
                                    }
                                },
                                "workers": {
                                    "total": 2.2667826999212135,
                                    "count": 214981,
                                    "self": 0.0,
                                    "children": {
                                        "worker_root": {
                                            "total": 2811.776308999991,
                                            "count": 214981,
                                            "is_parallel": true,
                                            "self": 1192.101490799968,
                                            "children": {
                                                "steps_from_proto": {
                                                    "total": 0.0005796000000000134,
                                                    "count": 1,
                                                    "is_parallel": true,