{
    "name": "root",
    "gauges": {
        "CarAgent.Policy.Entropy.mean": {
            "value": 2.469120740890503,
            "min": 2.328535795211792,
            "max": 2.469120740890503,
            "count": 27
        },
        "CarAgent.Policy.Entropy.sum": {
            "value": 32908.44140625,
            "min": 31263.46484375,
            "max": 65525.0,
            "count": 27
        },
        "CarAgent.Environment.EpisodeLength.mean": {
            "value": 1826.7777777777778,
            "min": 452.8,
            "max": 3003.25,
            "count": 26
        },
        "CarAgent.Environment.EpisodeLength.sum": {
            "value": 16441.0,
            "min": 1399.0,
            "max": 38949.0,
            "count": 26
        },
        "CarAgent.Step.mean": {
            "value": 639184.0,
            "min": 119378.0,
            "max": 639184.0,
            "count": 27
        },
        "CarAgent.Step.sum": {
            "value": 639184.0,
            "min": 119378.0,
            "max": 639184.0,
            "count": 27
        },
        "CarAgent.Policy.ExtrinsicValueEstimate.mean": {
            "value": 0.1326397955417633,
            "min": -1.8876547813415527,
            "max": 0.37279757857322693,
            "count": 27
        },
        "CarAgent.Policy.ExtrinsicValueEstimate.sum": {
            "value": 3.4486348628997803,
            "min": -47.191368103027344,
            "max": 8.056706428527832,
            "count": 27
        },
        "CarAgent.Environment.CumulativeReward.mean": {
            "value": 4.399666504136154,
            "min": -7.417657673358917,
            "max": 13.271552622318268,
            "count": 27
        },
        "CarAgent.Environment.CumulativeReward.sum": {
            "value": 61.59533105790615,
            "min": -14.835315346717834,
            "max": 179.5844445899129,
            "count": 27
        },
        "CarAgent.Policy.ExtrinsicReward.mean": {
            "value": 4.399666504136154,
            "min": -7.417657673358917,
            "max": 13.271552622318268,
            "count": 27
        },
        "CarAgent.Policy.ExtrinsicReward.sum": {
            "value": 61.59533105790615,
            "min": -14.835315346717834,
            "max": 179.5844445899129,
            "count": 27
        },
        "CarAgent.Losses.PolicyLoss.mean": {
            "value": 0.06985767133446644,
            "min": 0.055384189502731364,
            "max": 0.07553573336228844,
            "count": 27
        },
        "CarAgent.Losses.PolicyLoss.sum": {
            "value": 0.06985767133446644,
            "min": 0.055384189502731364,
            "max": 0.1452010869105933,
            "count": 27
        },
        "CarAgent.Losses.ValueLoss.mean": {
            "value": 0.05490320676316818,
            "min": 0.011091795448391211,
            "max": 4.936147421425001,
            "count": 27
        },
        "CarAgent.Losses.ValueLoss.sum": {
            "value": 0.05490320676316818,
            "min": 0.011091795448391211,
            "max": 9.872294842850001,
            "count": 27
        },
        "CarAgent.Policy.LearningRate.mean": {
            "value": 0.00029056674314442,
            "min": 0.00029056674314442,
            "max": 0.00029829384056872,
            "count": 27
        },
        "CarAgent.Policy.LearningRate.sum": {
            "value": 0.00029056674314442,
            "min": 0.00029056674314442,
            "max": 0.0005959980613339799,
            "count": 27
        },
        "CarAgent.Policy.Epsilon.mean": {
            "value": 0.19685558,
            "min": 0.19685558,
            "max": 0.19943128000000002,
            "count": 27
        },
        "CarAgent.Policy.Epsilon.sum": {
            "value": 0.19685558,
            "min": 0.19685558,
            "max": 0.39866602,
            "count": 27
        },
        "CarAgent.Policy.Beta.mean": {
            "value": 0.0009688702419999998,
            "min": 0.0009688702419999998,
            "max": 0.000994369672,
            "count": 27
        },
        "CarAgent.Policy.Beta.sum": {
            "value": 0.0009688702419999998,
            "min": 0.0009688702419999998,
            "max": 0.001986793598,
            "count": 27
        },
        "CarAgent.IsTraining.mean": {
            "value": 1.0,
            "min": 1.0,
            "max": 1.0,
            "count": 27
        },
        "CarAgent.IsTraining.sum": {
            "value": 1.0,
            "min": 1.0,
            "max": 1.0,
            "count": 27
        }
    },
    "metadata": {
        "timer_format_version": "0.1.0",
        "start_time_seconds": "1699197240",
        "python_version": "3.9.13 (tags/v3.9.13:6de2ca5, May 17 2022, 16:36:42) [MSC v.1929 64 bit (AMD64)]",
        "command_line_arguments": "C:\\Users\\henri\\AppData\\Local\\Programs\\Python\\Python39\\Scripts\\mlagents-learn Agent.yaml --run-id=v3.2 --resume",
        "mlagents_version": "0.30.0",
        "mlagents_envs_version": "0.30.0",
        "communication_protocol_version": "1.5.0",
        "pytorch_version": "2.0.1+cpu",
        "numpy_version": "1.23.5",
        "end_time_seconds": "1699197793"
    },
    "total": 552.840508,
    "count": 1,
    "self": 0.004184499999951186,
    "children": {
        "run_training.setup": {
            "total": 0.07718859999999994,
            "count": 1,
            "self": 0.07718859999999994
        },
        "TrainerController.start_learning": {
            "total": 552.7591349,
            "count": 1,
            "self": 0.9092527000021846,
            "children": {
                "TrainerController._reset_env": {
                    "total": 4.061714500000001,
                    "count": 1,
                    "self": 4.061714500000001
                },
                "TrainerController.advance": {
                    "total": 547.6932641999979,
                    "count": 39601,
                    "self": 0.38893260000327246,
                    "children": {
                        "env_step": {
                            "total": 547.3043315999946,
                            "count": 39601,
                            "self": 378.4922152999909,
                            "children": {
                                "SubprocessEnvManager._take_step": {
                                    "total": 168.36356709999862,
                                    "count": 39601,
                                    "self": 2.133437500000923,
                                    "children": {
                                        "TorchPolicy.evaluate": {
                                            "total": 166.2301295999977,
                                            "count": 39601,
                                            "self": 166.2301295999977
                                        }
                                    }
                                },
                                "workers": {
                                    "total": 0.44854920000507725,
                                    "count": 39600,
                                    "self": 0.0,
                                    "children": {
                                        "worker_root": {
                                            "total": 547.6038523999966,
                                            "count": 39600,
                                            "is_parallel": true,
                                            "self": 243.08913479999768,
                                            "children": {
                                                "steps_from_proto": {
                                                    "total": 0.0009211999999996223,
                                                    "count": 1,
                                                    "is_parallel": true,
                                                    "self": 0.0001873999999988385,